"Item","Designators","Value","Footprint","Qty","DNP"
"1","C1,C3-C5,C19,C24,C27,C44,C51,C54,C61-C64,C88,C99,C103,C107,C111,C112,C119,C120,C130","10uF","Capacitor_SMD:C_0805_2012Metric","23",""
"2","C2,C6-C18,C20,C31-C43,C45,C47,C52,C53,C55-C60,C65-C72,C74-C77,C85,C86,C89,C90,C92-C94,C96-C98,C100,C104,C105,C108,C110,C113-C118,C121-C126,C129,C131-C134","100nF","Capacitor_SMD:C_0402_1005Metric","82",""
"3","C21,C28,C48","1uF","Capacitor_SMD:C_0603_1608Metric","3",""
"4","C22","0.47uF","Capacitor_SMD:C_0402_1005Metric","1",""
"5","C23","47nF","Capacitor_SMD:C_0402_1005Metric","1",""
"6","C25,C26,C46,C87,C91,C95","22uF","Capacitor_SMD:C_0805_2012Metric","6",""
"7","C29,C49,C50","2.2uF","Capacitor_SMD:C_0603_1608Metric","3",""
"8","C30","4.7uF","Capacitor_SMD:C_0603_1608Metric","1",""
"9","C127","1uF","Capacitor_SMD:C_1206_3216Metric","1",""
"10","C128","220nF","Capacitor_SMD:C_0402_1005Metric","1",""
"11","D1","SMAJ5.0A","Diode_SMD:D_SMA","1",""
"12","D2-D4","LED","LED_SMD:LED_0603_1608Metric","3",""
"13","D5","SS16","Diode_SMD:D_SMA","1",""
"14","FB1","600@100MHz","Inductor_SMD:L_0805_2012Metric","1",""
"15","FB2","120@100MHz","Inductor_SMD:L_0805_2012Metric","1",""
"16","J1","Micro_SD_Card_Det1","Connector_Card:microSD_HC_Hirose_DM3D-SF","1",""
"17","J2","USB_C_Receptacle_USB2.0_16P","Connector_USB:USB_C_Receptacle_G-Switch_GT-USB-7010ASV","1",""
"18","J3","1S LiPo","Connector_JST:JST_PH_B2B-PH-K_1x02_P2.00mm_Vertical","1",""
"19","J4","0.5mm FPC Conn","Connector_FFC-FPC:Hirose_FH12-40S-0.5SH_1x40-1MP_P0.50mm_Horizontal","1",""
"20","J5,J6","Conn_ST_STDC14","Connector_PinHeader_1.27mm:PinHeader_2x07_P1.27mm_Vertical","2",""
"21","L1","1.5uH","Inductor_SMD:L_1008_2520Metric","1",""
"22","L2","2.2uH","Inductor_SMD:L_1008_2520Metric","1",""
"23","L3","10uH","Inductor_SMD:L_Abracon_ASPI-4030S","1",""
"24","LS1,LS2","Speaker 4-8 ohm","Connector_TE-Connectivity:TE_440054-2_1x02_P2.00mm_Vertical","2",""
"25","Q1","FS8205","Package_TO_SOT_SMD:SOT-23-6","1",""
"26","Q2","AO3401A","Package_TO_SOT_SMD:SOT-23","1",""
"27","Q3","2N7002","Package_TO_SOT_SMD:SOT-23","1",""
"28","R1,R2","5.1k","Resistor_SMD:R_0402_1005Metric","2",""
"29","R3,R8","2k","Resistor_SMD:R_0402_1005Metric","2",""
"30","R4,R9,R41","1k","Resistor_SMD:R_0402_1005Metric","3",""
"31","R5-R7","470","Resistor_SMD:R_0402_1005Metric","3",""
"32","R10,R45-R49","47k","Resistor_SMD:R_0402_1005Metric","6",""
"33","R11-R13,R15,R53","100k","Resistor_SMD:R_0402_1005Metric","5",""
"34","R14","120k","Resistor_SMD:R_0402_1005Metric","1",""
"35","R16,R19-R22,R33-R36,R42,R43,R57","10k","Resistor_SMD:R_0402_1005Metric","12",""
"36","R17,R18","49.9","Resistor_SMD:R_0402_1005Metric","2",""
"37","R23-R28,R44,R56","22","Resistor_SMD:R_0402_1005Metric","8",""
"38","R29,R38,R55","33","Resistor_SMD:R_0402_1005Metric","3",""
"39","R30-R32,R40","4.7k","Resistor_SMD:R_0402_1005Metric","4",""
"40","R37","10","Resistor_SMD:R_0402_1005Metric","1",""
"41","R39","240k","Resistor_SMD:R_0402_1005Metric","1",""
"42","R50,R51","0","Resistor_SMD:R_1206_3216Metric","2",""
"43","R54","220k","Resistor_SMD:R_0402_1005Metric","1",""
"44","RV1","10k Linear","Potentiometer_THT:Potentiometer_Bourns_3266Y_Vertical","1",""
"45","SW1","D_UP","Button_Switch_SMD:SW_SPST_EVQP2_ShortPushTravel_H2.5mm","1",""
"46","SW2","D_DOWN","Button_Switch_SMD:SW_SPST_EVQP2_ShortPushTravel_H2.5mm","1",""
"47","SW3","D_LEFT","Button_Switch_SMD:SW_SPST_EVQP2_ShortPushTravel_H2.5mm","1",""
"48","SW4","D_RIGHT","Button_Switch_SMD:SW_SPST_EVQP2_ShortPushTravel_H2.5mm","1",""
"49","SW5","L","Button_Switch_THT:SW_Tactile_SPST_Angled_PTS645Vx39-2LFS","1",""
"50","SW6","R","Button_Switch_THT:SW_Tactile_SPST_Angled_PTS645Vx39-2LFS","1",""
"51","SW7","A","Button_Switch_SMD:SW_SPST_EVQP2_ShortPushTravel_H2.5mm","1",""
"52","SW8","B","Button_Switch_SMD:SW_SPST_EVQP2_ShortPushTravel_H2.5mm","1",""
"53","SW9","X","Button_Switch_SMD:SW_SPST_EVQP2_ShortPushTravel_H2.5mm","1",""
"54","SW10","Y","Button_Switch_SMD:SW_SPST_EVQP2_ShortPushTravel_H2.5mm","1",""
"55","SW11","START","Button_Switch_THT:SW_TH_Tactile_Omron_B3F-100x","1",""
"56","SW12","SEL","Button_Switch_THT:SW_TH_Tactile_Omron_B3F-100x","1",""
"57","SW13","MAIN","Button_Switch_SMD:SW_SPST_SKQG_WithStem","1",""
"58","SW14","FORCE_RECON","Button_Switch_SMD:SW_Push_SPST_NO_Alps_SKRK","1",""
"59","SW15","SW_Push","Button_Switch_SMD:SW_Push_SPST_NO_Alps_SKRK","1",""
"60","TH1","NTC 10k","Resistor_SMD:R_0603_1608Metric","1",""
"61","TP1,TP3-TP5,TP7-TP9","TestPoint","TestPoint:TestPoint_Pad_1.5x1.5mm","7",""
"62","TP10-TP13","TestPoint","TestPoint:TestPoint_THTPad_1.5x1.5mm_Drill0.7mm","4",""
"63","U1","LFE5U-85F-8BG381x","Package_BGA:Lattice_caBGA-381_17x17mm_Layout20x20_P0.8mm","1",""
"64","U2","STM32H723ZGTx","Package_QFP:LQFP-144_20x20mm_P0.5mm","1",""
"65","U3,U4","AS4C4M16SA","Package_SO:TSOP-II-54_22.2x10.16mm_P0.8mm","2",""
"66","U6","W25Q32JVSS","Package_SO:SOIC-8_5.3x5.3mm_P1.27mm","1",""
"67","U7","TPS63001","Package_SON:Texas_DRC0010J_ThermalVias","1",""
"68","U8,U17","MAX98357A","Package_DFN_QFN:TQFN-16-1EP_3x3mm_P0.5mm_EP1.23x1.23mm","2",""
"69","U10","DW01A","Package_TO_SOT_SMD:SOT-23-6","1",""
"70","U11","MCP73871","Package_DFN_QFN:QFN-20-1EP_4x4mm_P0.5mm_EP2.5x2.5mm","1",""
"71","U12","TLV62569DDC","Package_TO_SOT_SMD:SOT-23-6","1",""
"72","U13","AP2112K-2.5","Package_TO_SOT_SMD:SOT-23-5","1",""
"73","U14","TPS61165DBV","Package_TO_SOT_SMD:SOT-23-6","1",""
"74","U15","LTC2954CTS8-1-TRPBF","Package_TO_SOT_SMD:TSOT-23-8","1",""
"75","U16","APS6404L-3SQRx-SN","Package_SO:SOIC-8_3.9x4.9mm_P1.27mm","1",""
"76","Y1","SiT8008xx-7x-xxE","Oscillator:Oscillator_SMD_SiT_PQFN-4Pin_2.0x1.6mm","1",""
